ARAR00.txt,art
ARAR01.txt,art
ARBI00.txt,art
ARBI01.txt,art
ARBI02.txt,art
ARBI03.txt,art
ARBI04.txt,art
ARBI05.txt,art
ARBI06.txt,art
ARBI07.txt,art
ARBI08.txt,art
ARBI09.txt,art
ARBI10.txt,art
ARBI11.txt,art
ARBI12.txt,art
ARBI13.txt,art
ARBI14.txt,art
ARBI15.txt,art
ARBI16.txt,art
ARBI17.txt,art
ARBI18.txt,art
ARBI19.txt,art
ARBI20.txt,art
ARBI21.txt,art
ARBI22.txt,art
ARBI23.txt,art
ARBI24.txt,art
ARBI25.txt,art
ARBI26.txt,art
ARBI27.txt,art
ARBI28.txt,art
ARBI29.txt,art
ARBI30.txt,art
ARBI31.txt,art
ARBI32.txt,art
ARBI33.txt,art
ARBI34.txt,art
ARBI35.txt,art
ARBI36.txt,art
ARBI37.txt,art
ARBI38.txt,art
ARBO00.txt,art
ARBO01.txt,art
ARBO02.txt,art
ARBO03.txt,art
ARBO04.txt,art
ARBO05.txt,art
ARCC00.txt,art
ARCI00.txt,art
ARCI01.txt,art
ARCI02.txt,art
ARCI03.txt,art
ARCI04.txt,art
ARCI05.txt,art
ARCI06.txt,art
ARCI07.txt,art
ARCI08.txt,art
ARCI09.txt,art
ARCI10.txt,art
ARCI11.txt,art
ARCI12.txt,art
ARCI13.txt,art
ARCI14.txt,art
ARCI15.txt,art
ARCI16.txt,art
ARCI17.txt,art
ARCI18.txt,art
ARCI19.txt,art
ARCI20.txt,art
ARCI21.txt,art
ARCR00.txt,art
ARCR01.txt,art
ARCR02.txt,art
ARCR03.txt,art
ARCR04.txt,art
ARDR00.txt,art
ARDR01.txt,art
ARMO00.txt,art
ARMO01.txt,art
ARMO02.txt,art
ARMO03.txt,art
ARMO04.txt,art
ARMO05.txt,art
ARMO06.txt,art
ARMU00.txt,art
ARMU01.txt,art
ARPL00.txt,art
ARPL01.txt,art
ARSH00.txt,art
ARSH01.txt,art
GECO00.txt,geography
GECO01.txt,geography
GECO02.txt,geography
GECO03.txt,geography
GECO04.txt,geography
GECO05.txt,geography
GECO06.txt,geography
GECO07.txt,geography
GECO08.txt,geography
GECO09.txt,geography
GECO10.txt,geography
GECO11.txt,geography
GECO12.txt,geography
GENT00.txt,geography
GENT01.txt,geography
GEPL00.txt,geography
GEPL01.txt,geography
GEPL02.txt,geography
GEPL03.txt,geography
GEPL04.txt,geography
GEPL05.txt,geography
GEPL06.txt,geography
GEPL07.txt,geography
GEPL08.txt,geography
GEPL09.txt,geography
GEPL10.txt,geography
GEPL11.txt,geography
GEPL12.txt,geography
GEPL13.txt,geography
GEPL14.txt,geography
GEPL15.txt,geography
GEPL16.txt,geography
GEPL17.txt,geography
GEPL18.txt,geography
GEPL19.txt,geography
GEPL20.txt,geography
GEPL21.txt,geography
GEPL22.txt,geography
GEPL23.txt,geography
GEPL24.txt,geography
GEPL25.txt,geography
GEPL26.txt,geography
GEPL27.txt,geography
GEPL28.txt,geography
HIAR00.txt,history
HIAR01.txt,history
HIAR02.txt,history
HIBI00.txt,history
HIBI01.txt,history
HIBI02.txt,history
HIBI03.txt,history
HIBI04.txt,history
HIBI05.txt,history
HIBI06.txt,history
HIBI07.txt,history
HIBI08.txt,history
HIBI09.txt,history
HIBI10.txt,history
HIBI11.txt,history
HIBI12.txt,history
HIBI13.txt,history
HIBI14.txt,history
HIBI15.txt,history
HIBI16.txt,history
HIBI17.txt,history
HIBI18.txt,history
HIBI19.txt,history
HIBI20.txt,history
HIBI21.txt,history
HIBI22.txt,history
HIBI23.txt,history
HIBI24.txt,history
HIBI25.txt,history
HIBI26.txt,history
HIBI27.txt,history
HIBI28.txt,history
HIBI29.txt,history
HIBI30.txt,history
HIBI31.txt,history
HIBI32.txt,history
HIBI33.txt,history
HIBI34.txt,history
HIBI35.txt,history
HIBI36.txt,history
HIBI37.txt,history
HIBI38.txt,history
HIBI39.txt,history
HIBI40.txt,history
HIBI41.txt,history
HIBI42.txt,history
HIBI43.txt,history
HIBI44.txt,history
HIBI45.txt,history
HIBI46.txt,history
HIBI47.txt,history
HIBI48.txt,history
HIBI49.txt,history
HIBI50.txt,history
HIBI51.txt,history
HIBI52.txt,history
HIBI53.txt,history
HIBI54.txt,history
HIBI55.txt,history
HIBI56.txt,history
HIBI57.txt,history
HIBI58.txt,history
HIBI59.txt,history
HIBI60.txt,history
HIBI61.txt,history
HIBI62.txt,history
HIBI63.txt,history
HIBI64.txt,history
HIBI65.txt,history
HIBI66.txt,history
HIBI67.txt,history
HIBI68.txt,history
HIBI69.txt,history
HIBI70.txt,history
HIBI71.txt,history
HIBI72.txt,history
HIBI73.txt,history
HIBI74.txt,history
HICO00.txt,history
HICO01.txt,history
HICO02.txt,history
HICO03.txt,history
HICO04.txt,history
HICO05.txt,history
HICO06.txt,history
HICO07.txt,history
HICO08.txt,history
HICO09.txt,history
HICO10.txt,history
HICU00.txt,history
HICU01.txt,history
HICU02.txt,history
HICU03.txt,history
HICU04.txt,history
HICU05.txt,history
HICU06.txt,history
HICU07.txt,history
HICU08.txt,history
HICU09.txt,history
HICU10.txt,history
HICU11.txt,history
HICU12.txt,history
HICU13.txt,history
HICU14.txt,history
HICU15.txt,history
HICU16.txt,history
HIER00.txt,history
HIER01.txt,history
HIEV00.txt,history
HIEV01.txt,history
HIEV02.txt,history
HIEV03.txt,history
HIEV04.txt,history
HIEV05.txt,history
HIEV06.txt,history
HIEV07.txt,history
HIEV08.txt,history
HIEV09.txt,history
HIEV10.txt,history
HIEV11.txt,history
HIEV12.txt,history
HIEV13.txt,history
HIEV14.txt,history
HIEV15.txt,history
HIEV16.txt,history
HIEV17.txt,history
HIEV18.txt,history
HIEV19.txt,history
HIEV20.txt,history
HIEV21.txt,history
HIEV22.txt,history
HIEV23.txt,history
HIEV24.txt,history
HIEV25.txt,history
HIEV26.txt,history
HIEV27.txt,history
HIEV28.txt,history
HIEV29.txt,history
HIEV30.txt,history
HIEV31.txt,history
HIEV32.txt,history
HIEV33.txt,history
HIEV34.txt,history
HIEV35.txt,history
HIEV36.txt,history
HIEV37.txt,history
HIEV38.txt,history
HIEV39.txt,history
HIEV40.txt,history
HIEV41.txt,history
HIEV42.txt,history
HINT00.txt,history
HINT01.txt,history
HINT02.txt,history
HINT03.txt,history
HINT04.txt,history
HIPL00.txt,history
HIPL01.txt,history
HIPL02.txt,history
HIPL03.txt,history
HIPL04.txt,history
HIPL05.txt,history
HIPL06.txt,history
HIPL07.txt,history
REBI00.txt,religion
REBI01.txt,religion
REBI02.txt,religion
REBI03.txt,religion
REBI04.txt,religion
REBI05.txt,religion
RELO00.txt,religion
RELO01.txt,religion
RELO02.txt,religion
RELO03.txt,religion
RETH00.txt,religion
RETH01.txt,religion
RETH02.txt,religion
RETH03.txt,religion
RETH04.txt,religion
RETH05.txt,religion
RETH06.txt,religion
RETH07.txt,religion
SCAS00.txt,science
SCAS01.txt,science
SCAS02.txt,science
SCAS03.txt,science
SCAS04.txt,science
SCAS05.txt,science
SCAS06.txt,science
SCBI00.txt,science
SCBI01.txt,science
SCBI02.txt,science
SCBI03.txt,science
SCBI04.txt,science
SCBI05.txt,science
SCBI06.txt,science
SCBI07.txt,science
SCBI08.txt,science
SCBI09.txt,science
SCBI10.txt,science
SCBI11.txt,science
SCBL00.txt,science
SCBL01.txt,science
SCBL02.txt,science
SCBL03.txt,science
SCBL04.txt,science
SCBL05.txt,science
SCCH00.txt,science
SCCH01.txt,science
SCCH02.txt,science
SCCH03.txt,science
SCCH04.txt,science
SCCH05.txt,science
SCCH06.txt,science
SCCH07.txt,science
SCCH08.txt,science
SCCM00.txt,science
SCCM01.txt,science
SCCM02.txt,science
SCCM03.txt,science
SCCM04.txt,science
SCEC00.txt,science
SCEC01.txt,science
SCEC02.txt,science
SCEN00.txt,science
SCEN01.txt,science
SCEN02.txt,science
SCEN03.txt,science
SCMA00.txt,science
SCMA01.txt,science
SCMA02.txt,science
SCMA03.txt,science
SCMA04.txt,science
SCMA05.txt,science
SCMA06.txt,science
SCMA07.txt,science
SCMA08.txt,science
SCMA09.txt,science
SCME00.txt,science
SCME01.txt,science
SCME02.txt,science
SCME03.txt,science
SCME04.txt,science
SCME05.txt,science
SCME06.txt,science
SCME07.txt,science
SCME08.txt,science
SCME09.txt,science
SCME10.txt,science
SCME11.txt,science
SCME12.txt,science
SCME13.txt,science
SCME14.txt,science
SCME15.txt,science
SCNA00.txt,science
SCNA01.txt,science
SCNA02.txt,science
SCNA03.txt,science
SCNA04.txt,science
SCNA05.txt,science
SCNA06.txt,science
SCNA07.txt,science
SCNA08.txt,science
SCNA09.txt,science
SCNA10.txt,science
SCNA11.txt,science
SCNA12.txt,science
SCNA13.txt,science
SCNA14.txt,science
SCNA15.txt,science
SCNA16.txt,science
SCNA17.txt,science
SCNA18.txt,science
SCNA19.txt,science
SCPH00.txt,science
SCPH01.txt,science
SCPH02.txt,science
SCTE00.txt,science
SCTE01.txt,science
SCTE02.txt,science
SCTE03.txt,science
SCTE04.txt,science
SCTE05.txt,science
SCTE06.txt,science
SCTE07.txt,science
SCTE08.txt,science
SCTE09.txt,science
SCTE10.txt,science
SCTE11.txt,science
SOAR00.txt,society
SOAR01.txt,society
SOAR02.txt,society
SOAR03.txt,society
SOBU00.txt,society
SOBU01.txt,society
SOBU02.txt,society
SOBU03.txt,society
SOCU00.txt,society
SOCU01.txt,society
SOCU02.txt,society
SOCU03.txt,society
SOCU04.txt,society
SOCU05.txt,society
SOCU06.txt,society
SOCU07.txt,society
SOCU08.txt,society
SOCU09.txt,society
SOCU10.txt,society
SOGA00.txt,society
SOGA01.txt,society
SOGA02.txt,society
SOGA03.txt,society
SOPO00.txt,society
SOPO01.txt,society
SOPO02.txt,society
SOPO03.txt,society
SOPO04.txt,society
SOPO05.txt,society
SOPO06.txt,society
SOPO07.txt,society
SOPO08.txt,society
SOPO09.txt,society
SOPO10.txt,society
SOPO11.txt,society
SOPO12.txt,society
SOPO13.txt,society
SOSO00.txt,society
SOSO01.txt,society
SOSO02.txt,society
SOSO03.txt,society
SOSO04.txt,society
SOSO05.txt,society
SOSO06.txt,society
SOSO07.txt,society
SOSO08.txt,society
SPBI00.txt,sports
SPBI01.txt,sports
SPBI02.txt,sports
SPBI03.txt,sports
SPBI04.txt,sports
SPBI05.txt,sports
SPBI06.txt,sports
SPBI07.txt,sports
SPBI08.txt,sports
SPBI09.txt,sports
SPCP00.txt,sports
SPCP01.txt,sports
SPCP02.txt,sports
SPSP00.txt,sports
SPSP01.txt,sports
SPTM00.txt,sports
SPTM01.txt,sports
SPTM02.txt,sports
SPTM03.txt,sports
SPTM04.txt,sports
SPTM05.txt,sports
SPTM06.txt,sports
SPTM07.txt,sports
SPTM08.txt,sports
SPTM09.txt,sports
SPTM10.txt,sports
SPTM11.txt,sports
SPTM12.txt,sports
SPTM13.txt,sports
SPTM14.txt,sports
SPTM15.txt,sports
